results_xml,target_key,toplevel,test_module,module_area,testcase,classname,file,lineno,time_s,sim_time_ns,ratio_time,status
/mnt/c/Users/jandu/repos/clean/realtime-image-processing/testbench/sim_build/test_axi_edge_overlay/axi_edge_overlay_axiedgeoverlay/build/results.xml,axi_edge_overlay,axiedgeoverlay,tests.test_axi_edge_overlay,Edge Overlay,test_axi_edge_overlay_backpressure_protocol,tests.test_axi_edge_overlay,/mnt/c/Users/jandu/repos/clean/realtime-image-processing/testbench/tests/test_axi_edge_overlay.py,502,0.0046384334564208984,300.0,64677.00848111026,pass
/mnt/c/Users/jandu/repos/clean/realtime-image-processing/testbench/sim_build/test_axi_edge_overlay/axi_edge_overlay_axiedgeoverlay/build/results.xml,axi_edge_overlay,axiedgeoverlay,tests.test_axi_edge_overlay,Edge Overlay,test_axi_edge_overlay_disabled_passthrough,tests.test_axi_edge_overlay,/mnt/c/Users/jandu/repos/clean/realtime-image-processing/testbench/tests/test_axi_edge_overlay.py,463,0.03261065483093262,2020.0,61942.94504273317,pass
/mnt/c/Users/jandu/repos/clean/realtime-image-processing/testbench/sim_build/test_axi_edge_overlay/axi_edge_overlay_axiedgeoverlay/build/results.xml,axi_edge_overlay,axiedgeoverlay,tests.test_axi_edge_overlay,Edge Overlay,test_axi_edge_overlay_hard_replace_checkerboard,tests.test_axi_edge_overlay,/mnt/c/Users/jandu/repos/clean/realtime-image-processing/testbench/tests/test_axi_edge_overlay.py,476,0.02079463005065918,2029.9999999999998,97621.35681445556,pass
/mnt/c/Users/jandu/repos/clean/realtime-image-processing/testbench/sim_build/test_axi_edge_overlay/axi_edge_overlay_axiedgeoverlay/build/results.xml,axi_edge_overlay,axiedgeoverlay,tests.test_axi_edge_overlay,Edge Overlay,test_axi_edge_overlay_image_roundtrip_artifact,tests.test_axi_edge_overlay,/mnt/c/Users/jandu/repos/clean/realtime-image-processing/testbench/tests/test_axi_edge_overlay.py,539,15.585427522659302,2621490.0,168201.35323132295,pass
/mnt/c/Users/jandu/repos/clean/realtime-image-processing/testbench/sim_build/test_axi_edge_overlay/axi_edge_overlay_axiedgeoverlay/build/results.xml,axi_edge_overlay,axiedgeoverlay,tests.test_axi_edge_overlay,Edge Overlay,test_axi_edge_overlay_nonzero_edge_semantics,tests.test_axi_edge_overlay,/mnt/c/Users/jandu/repos/clean/realtime-image-processing/testbench/tests/test_axi_edge_overlay.py,489,0.011795997619628906,1099.9999999999995,93251.96863125551,pass
/mnt/c/Users/jandu/repos/clean/realtime-image-processing/testbench/sim_build/test_axi_edge_overlay/axi_edge_overlay_axiedgeoverlay/build/results.xml,axi_edge_overlay,axiedgeoverlay,tests.test_axi_edge_overlay,Edge Overlay,test_axi_edge_overlay_synthetic_dual_3x4_frames,tests.test_axi_edge_overlay,/mnt/c/Users/jandu/repos/clean/realtime-image-processing/testbench/tests/test_axi_edge_overlay.py,518,0.00736236572265625,460.0,62479.91709844559,pass
/mnt/c/Users/jandu/repos/clean/realtime-image-processing/testbench/sim_build/test_axi_edge_overlay_pipeline/axi_edge_overlay_pipeline_axi_edgeoverlaypipeline/build/results.xml,axi_edge_overlay_pipeline,axi_edgeoverlaypipeline,tests.test_axi_edge_overlay_pipeline,Edge Overlay,test_axi_edge_overlay_pipeline_backpressure_protocol,tests.test_axi_edge_overlay_pipeline,/mnt/c/Users/jandu/repos/clean/realtime-image-processing/testbench/tests/test_axi_edge_overlay_pipeline.py,469,0.4011497497558594,41770.0,104125.70374385454,pass
/mnt/c/Users/jandu/repos/clean/realtime-image-processing/testbench/sim_build/test_axi_edge_overlay_pipeline/axi_edge_overlay_pipeline_axi_edgeoverlaypipeline/build/results.xml,axi_edge_overlay_pipeline,axi_edgeoverlaypipeline,tests.test_axi_edge_overlay_pipeline,Edge Overlay,test_axi_edge_overlay_pipeline_gradient_overlay,tests.test_axi_edge_overlay_pipeline,/mnt/c/Users/jandu/repos/clean/realtime-image-processing/testbench/tests/test_axi_edge_overlay_pipeline.py,425,0.298053503036499,31430.0,105450.86596801765,pass
/mnt/c/Users/jandu/repos/clean/realtime-image-processing/testbench/sim_build/test_axi_edge_overlay_pipeline/axi_edge_overlay_pipeline_axi_edgeoverlaypipeline/build/results.xml,axi_edge_overlay_pipeline,axi_edgeoverlaypipeline,tests.test_axi_edge_overlay_pipeline,Edge Overlay,test_axi_edge_overlay_pipeline_overlay_disabled_passthrough,tests.test_axi_edge_overlay_pipeline,/mnt/c/Users/jandu/repos/clean/realtime-image-processing/testbench/tests/test_axi_edge_overlay_pipeline.py,447,0.21132802963256836,31440.0,148773.44976274125,pass
/mnt/c/Users/jandu/repos/clean/realtime-image-processing/testbench/sim_build/test_axi_fast_filter/axi_fast_filter_axi_fastfilter/build/results.xml,axi_fast_filter,axi_fastfilter,tests.test_axi_fast_filter,Verification framework,test_axi_fast_filter_checkerboard_backpressure_handshake,tests.test_axi_fast_filter,/mnt/c/Users/jandu/repos/clean/realtime-image-processing/testbench/tests/test_axi_fast_filter.py,582,3.958975315093994,329090.0,83125.0446915673,pass
/mnt/c/Users/jandu/repos/clean/realtime-image-processing/testbench/sim_build/test_axi_fast_filter/axi_fast_filter_axi_fastfilter/build/results.xml,axi_fast_filter,axi_fastfilter,tests.test_axi_fast_filter,Verification framework,test_axi_fast_filter_gradient_gray_windows,tests.test_axi_fast_filter,/mnt/c/Users/jandu/repos/clean/realtime-image-processing/testbench/tests/test_axi_fast_filter.py,565,2.9456920623779297,165250.0,56098.87133504404,pass
/mnt/c/Users/jandu/repos/clean/realtime-image-processing/testbench/sim_build/test_axi_fast_filter/axi_fast_filter_axi_fastfilter/build/results.xml,axi_fast_filter,axi_fastfilter,tests.test_axi_fast_filter,Verification framework,test_axi_fast_filter_impulse_mixed_throttle,tests.test_axi_fast_filter,/mnt/c/Users/jandu/repos/clean/realtime-image-processing/testbench/tests/test_axi_fast_filter.py,598,3.598656177520752,395080.0,109785.42558966701,pass
/mnt/c/Users/jandu/repos/clean/realtime-image-processing/testbench/sim_build/test_axi_fast_filter/axi_fast_filter_axi_fastfilter/build/results.xml,axi_fast_filter,axi_fastfilter,tests.test_axi_fast_filter,Verification framework,test_axi_fast_filter_lenna_end_to_end,tests.test_axi_fast_filter,/mnt/c/Users/jandu/repos/clean/realtime-image-processing/testbench/tests/test_axi_fast_filter.py,615,4.260112285614014,395080.0,92739.33960242008,pass
/mnt/c/Users/jandu/repos/clean/realtime-image-processing/testbench/sim_build/test_axi_fast_filter/axi_fast_filter_axi_fastfilter/build/results.xml,axi_fast_filter,axi_fastfilter,tests.test_axi_fast_filter,Verification framework,test_axi_fast_filter_mountains_center_crop_end_to_end,tests.test_axi_fast_filter,/mnt/c/Users/jandu/repos/clean/realtime-image-processing/testbench/tests/test_axi_fast_filter.py,645,4.820705413818359,395080.0,81954.81077676287,pass
/mnt/c/Users/jandu/repos/clean/realtime-image-processing/testbench/sim_build/test_axi_fast_filter/axi_fast_filter_axi_fastfilter/build/results.xml,axi_fast_filter,axi_fastfilter,tests.test_axi_fast_filter,Verification framework,test_axi_fast_filter_stress_fast,tests.test_axi_fast_filter,/mnt/c/Users/jandu/repos/clean/realtime-image-processing/testbench/tests/test_axi_fast_filter.py,679,27.460644006729126,2010329.9999999998,73207.67857838207,pass
/mnt/c/Users/jandu/repos/clean/realtime-image-processing/testbench/sim_build/test_axi_fast_filter/axi_fast_filter_axi_fastfilter/build/results.xml,axi_fast_filter,axi_fastfilter,tests.test_axi_fast_filter,Verification framework,test_axi_fast_filter_stress_heavy_randomized,tests.test_axi_fast_filter,/mnt/c/Users/jandu/repos/clean/realtime-image-processing/testbench/tests/test_axi_fast_filter.py,705,76.28741431236267,3159059.9999999995,41409.97605535651,pass
/mnt/c/Users/jandu/repos/clean/realtime-image-processing/testbench/sim_build/test_axi_filter_wrapper/axi_filter_wrapper_axi_filterwrapper/build/results.xml,axi_filter_wrapper,axi_filterwrapper,tests.test_axi_filter_wrapper,Sobel + Filter Wrapper,test_axi_windowed_filter_wrapper_backpressure_handshake_only,tests.test_axi_filter_wrapper,/mnt/c/Users/jandu/repos/clean/realtime-image-processing/testbench/tests/test_axi_filter_wrapper.py,419,51.626431703567505,3001190.0,58132.81880941252,pass
/mnt/c/Users/jandu/repos/clean/realtime-image-processing/testbench/sim_build/test_axi_filter_wrapper/axi_filter_wrapper_axi_filterwrapper/build/results.xml,axi_filter_wrapper,axi_filterwrapper,tests.test_axi_filter_wrapper,Sobel + Filter Wrapper,test_axi_windowed_filter_wrapper_lenna_end_to_end,tests.test_axi_filter_wrapper,/mnt/c/Users/jandu/repos/clean/realtime-image-processing/testbench/tests/test_axi_filter_wrapper.py,394,47.535444021224976,2626640.0000000005,55256.45240269942,pass
/mnt/c/Users/jandu/repos/clean/realtime-image-processing/testbench/sim_build/test_axi_filter_wrapper/axi_filter_wrapper_axi_filterwrapper/build/results.xml,axi_filter_wrapper,axi_filterwrapper,tests.test_axi_filter_wrapper,Sobel + Filter Wrapper,test_axi_windowed_filter_wrapper_simple_image,tests.test_axi_filter_wrapper,/mnt/c/Users/jandu/repos/clean/realtime-image-processing/testbench/tests/test_axi_filter_wrapper.py,386,43.975990295410156,2626630.0,59728.72884397888,pass
/mnt/c/Users/jandu/repos/clean/realtime-image-processing/testbench/sim_build/test_axi_filter_wrapper/axi_filter_wrapper_axi_filterwrapper/build/results.xml,axi_filter_wrapper,axi_filterwrapper,tests.test_axi_filter_wrapper,Sobel + Filter Wrapper,test_axi_windowed_filter_wrapper_stress_fast,tests.test_axi_filter_wrapper,/mnt/c/Users/jandu/repos/clean/realtime-image-processing/testbench/tests/test_axi_filter_wrapper.py,434,0.0003173351287841797,0.0,0.0,pass
/mnt/c/Users/jandu/repos/clean/realtime-image-processing/testbench/sim_build/test_axi_filter_wrapper/axi_filter_wrapper_axi_filterwrapper/build/results.xml,axi_filter_wrapper,axi_filterwrapper,tests.test_axi_filter_wrapper,Sobel + Filter Wrapper,test_axi_windowed_filter_wrapper_stress_heavy_randomized,tests.test_axi_filter_wrapper,/mnt/c/Users/jandu/repos/clean/realtime-image-processing/testbench/tests/test_axi_filter_wrapper.py,466,0.0002498626708984375,0.0,0.0,pass
/mnt/c/Users/jandu/repos/clean/realtime-image-processing/testbench/sim_build/test_axi_filter_wrapper_fast/axi_filter_wrapper_fast_axi_filterwrapper/build/results.xml,axi_filter_wrapper_fast,axi_filterwrapper,tests.test_axi_filter_wrapper_fast,Sobel + Filter Wrapper,test_axi_filter_wrapper_fast_backpressure_handshake_only,tests.test_axi_filter_wrapper_fast,/mnt/c/Users/jandu/repos/clean/realtime-image-processing/testbench/tests/test_axi_filter_wrapper_fast.py,648,9.179688453674316,192560.0,20976.7467569038,pass
/mnt/c/Users/jandu/repos/clean/realtime-image-processing/testbench/sim_build/test_axi_filter_wrapper_fast/axi_filter_wrapper_fast_axi_filterwrapper/build/results.xml,axi_filter_wrapper_fast,axi_filterwrapper,tests.test_axi_filter_wrapper_fast,Sobel + Filter Wrapper,test_axi_filter_wrapper_fast_lenna_end_to_end,tests.test_axi_filter_wrapper_fast,/mnt/c/Users/jandu/repos/clean/realtime-image-processing/testbench/tests/test_axi_filter_wrapper_fast.py,588,9.34706425666809,169090.0,18090.17198949639,pass
/mnt/c/Users/jandu/repos/clean/realtime-image-processing/testbench/sim_build/test_axi_filter_wrapper_fast/axi_filter_wrapper_fast_axi_filterwrapper/build/results.xml,axi_filter_wrapper_fast,axi_filterwrapper,tests.test_axi_filter_wrapper_fast,Sobel + Filter Wrapper,test_axi_filter_wrapper_fast_mountains_center_crop_end_to_end,tests.test_axi_filter_wrapper_fast,/mnt/c/Users/jandu/repos/clean/realtime-image-processing/testbench/tests/test_axi_filter_wrapper_fast.py,616,10.826077222824097,169090.0,15618.769062862004,pass
/mnt/c/Users/jandu/repos/clean/realtime-image-processing/testbench/sim_build/test_axi_filter_wrapper_fast/axi_filter_wrapper_fast_axi_filterwrapper/build/results.xml,axi_filter_wrapper_fast,axi_filterwrapper,tests.test_axi_filter_wrapper_fast,Sobel + Filter Wrapper,test_axi_filter_wrapper_fast_simple_image,tests.test_axi_filter_wrapper_fast,/mnt/c/Users/jandu/repos/clean/realtime-image-processing/testbench/tests/test_axi_filter_wrapper_fast.py,579,8.610861778259277,169080.0,19635.665320617914,pass
/mnt/c/Users/jandu/repos/clean/realtime-image-processing/testbench/sim_build/test_axi_filter_wrapper_fast/axi_filter_wrapper_fast_axi_filterwrapper/build/results.xml,axi_filter_wrapper_fast,axi_filterwrapper,tests.test_axi_filter_wrapper_fast,Sobel + Filter Wrapper,test_axi_filter_wrapper_fast_stress_fast,tests.test_axi_filter_wrapper_fast,/mnt/c/Users/jandu/repos/clean/realtime-image-processing/testbench/tests/test_axi_filter_wrapper_fast.py,664,37.37294793128967,706970.0,18916.623898649028,pass
/mnt/c/Users/jandu/repos/clean/realtime-image-processing/testbench/sim_build/test_axi_filter_wrapper_fast/axi_filter_wrapper_fast_axi_filterwrapper/build/results.xml,axi_filter_wrapper_fast,axi_filterwrapper,tests.test_axi_filter_wrapper_fast,Sobel + Filter Wrapper,test_axi_filter_wrapper_fast_stress_heavy_randomized,tests.test_axi_filter_wrapper_fast,/mnt/c/Users/jandu/repos/clean/realtime-image-processing/testbench/tests/test_axi_filter_wrapper_fast.py,688,73.15349245071411,1194989.9999999998,16335.378667055485,pass
/mnt/c/Users/jandu/repos/clean/realtime-image-processing/testbench/sim_build/test_axi_filter_wrapper/axi_filter_wrapper_stress_axi_filterwrapper/build/results.xml,axi_filter_wrapper_stress,axi_filterwrapper,tests.test_axi_filter_wrapper,Sobel + Filter Wrapper,test_axi_windowed_filter_wrapper_backpressure_handshake_only,tests.test_axi_filter_wrapper,/mnt/c/Users/jandu/repos/clean/realtime-image-processing/testbench/tests/test_axi_filter_wrapper.py,419,1.5851693153381348,188660.00000000003,119015.67748916254,pass
/mnt/c/Users/jandu/repos/clean/realtime-image-processing/testbench/sim_build/test_axi_filter_wrapper/axi_filter_wrapper_stress_axi_filterwrapper/build/results.xml,axi_filter_wrapper_stress,axi_filterwrapper,tests.test_axi_filter_wrapper,Sobel + Filter Wrapper,test_axi_windowed_filter_wrapper_lenna_end_to_end,tests.test_axi_filter_wrapper,/mnt/c/Users/jandu/repos/clean/realtime-image-processing/testbench/tests/test_axi_filter_wrapper.py,394,0.0002532005310058594,0.0,0.0,pass
/mnt/c/Users/jandu/repos/clean/realtime-image-processing/testbench/sim_build/test_axi_filter_wrapper/axi_filter_wrapper_stress_axi_filterwrapper/build/results.xml,axi_filter_wrapper_stress,axi_filterwrapper,tests.test_axi_filter_wrapper,Sobel + Filter Wrapper,test_axi_windowed_filter_wrapper_simple_image,tests.test_axi_filter_wrapper,/mnt/c/Users/jandu/repos/clean/realtime-image-processing/testbench/tests/test_axi_filter_wrapper.py,386,1.2461678981781006,165190.0,132558.3817730404,pass
/mnt/c/Users/jandu/repos/clean/realtime-image-processing/testbench/sim_build/test_axi_filter_wrapper/axi_filter_wrapper_stress_axi_filterwrapper/build/results.xml,axi_filter_wrapper_stress,axi_filterwrapper,tests.test_axi_filter_wrapper,Sobel + Filter Wrapper,test_axi_windowed_filter_wrapper_stress_fast,tests.test_axi_filter_wrapper,/mnt/c/Users/jandu/repos/clean/realtime-image-processing/testbench/tests/test_axi_filter_wrapper.py,434,4.951166152954102,535330.0,108122.00266811822,pass
/mnt/c/Users/jandu/repos/clean/realtime-image-processing/testbench/sim_build/test_axi_filter_wrapper/axi_filter_wrapper_stress_axi_filterwrapper/build/results.xml,axi_filter_wrapper_stress,axi_filterwrapper,tests.test_axi_filter_wrapper,Sobel + Filter Wrapper,test_axi_windowed_filter_wrapper_stress_heavy_randomized,tests.test_axi_filter_wrapper,/mnt/c/Users/jandu/repos/clean/realtime-image-processing/testbench/tests/test_axi_filter_wrapper.py,466,10.340665340423584,1021510.0,98785.71314040378,pass
/mnt/c/Users/jandu/repos/clean/realtime-image-processing/testbench/sim_build/test_axi_rgb_to_grayscale/axi_rgb_to_grayscale_axi_rgbtograyscale/build/results.xml,axi_rgb_to_grayscale,axi_rgbtograyscale,tests.test_axi_rgb_to_grayscale,RGB2Gray,test_axi_rgb_to_grayscale_image_file_roundtrip,tests.test_axi_rgb_to_grayscale,/mnt/c/Users/jandu/repos/clean/realtime-image-processing/testbench/tests/test_axi_rgb_to_grayscale.py,526,19.844948768615723,2621490.0,132098.6025494719,pass
/mnt/c/Users/jandu/repos/clean/realtime-image-processing/testbench/sim_build/test_axi_rgb_to_grayscale/axi_rgb_to_grayscale_axi_rgbtograyscale/build/results.xml,axi_rgb_to_grayscale,axi_rgbtograyscale,tests.test_axi_rgb_to_grayscale,RGB2Gray,test_axi_rgb_to_grayscale_passthrough_mode,tests.test_axi_rgb_to_grayscale,/mnt/c/Users/jandu/repos/clean/realtime-image-processing/testbench/tests/test_axi_rgb_to_grayscale.py,536,0.006707429885864258,530.0,79016.85280631288,pass
/mnt/c/Users/jandu/repos/clean/realtime-image-processing/testbench/sim_build/test_axi_rgb_to_grayscale/axi_rgb_to_grayscale_axi_rgbtograyscale/build/results.xml,axi_rgb_to_grayscale,axi_rgbtograyscale,tests.test_axi_rgb_to_grayscale,RGB2Gray,test_axi_rgb_to_grayscale_stress_matrix,tests.test_axi_rgb_to_grayscale,/mnt/c/Users/jandu/repos/clean/realtime-image-processing/testbench/tests/test_axi_rgb_to_grayscale.py,547,0.11070370674133301,3140.0,28364.00055995262,pass
/mnt/c/Users/jandu/repos/clean/realtime-image-processing/testbench/sim_build/test_axi_rgb_to_grayscale/axi_rgb_to_grayscale_axi_rgbtograyscale/build/results.xml,axi_rgb_to_grayscale,axi_rgbtograyscale,tests.test_axi_rgb_to_grayscale,RGB2Gray,test_axi_rgb_to_grayscale_with_backpressure_three_cycle_breaks,tests.test_axi_rgb_to_grayscale,/mnt/c/Users/jandu/repos/clean/realtime-image-processing/testbench/tests/test_axi_rgb_to_grayscale.py,513,0.024465084075927734,830.0,33925.9001695675,pass
/mnt/c/Users/jandu/repos/clean/realtime-image-processing/testbench/sim_build/test_axi_sobel_filter/axi_sobel_filter_axi_sobelfilter/build/results.xml,axi_sobel_filter,axi_sobelfilter,tests.test_axi_sobel_filter,Sobel + Filter Wrapper,test_axi_sobel_filter_gradient_gray_windows,tests.test_axi_sobel_filter,/mnt/c/Users/jandu/repos/clean/realtime-image-processing/testbench/tests/test_axi_sobel_filter.py,318,0.01848435401916504,700.0,37869.865469695214,pass
/mnt/c/Users/jandu/repos/clean/realtime-image-processing/testbench/sim_build/test_axi_sobel_filter/axi_sobel_filter_axi_sobelfilter/build/results.xml,axi_sobel_filter,axi_sobelfilter,tests.test_axi_sobel_filter,Sobel + Filter Wrapper,test_axi_sobel_filter_lenna_end_to_end,tests.test_axi_sobel_filter,/mnt/c/Users/jandu/repos/clean/realtime-image-processing/testbench/tests/test_axi_sobel_filter.py,325,40.634870290756226,6291570.0,154831.79729581246,pass
/mnt/c/Users/jandu/repos/clean/realtime-image-processing/testbench/sim_build/test_axi_sobel_filter/axi_sobel_filter_axi_sobelfilter/build/results.xml,axi_sobel_filter,axi_sobelfilter,tests.test_axi_sobel_filter,Sobel + Filter Wrapper,test_axi_sobel_filter_stress_fast,tests.test_axi_sobel_filter,/mnt/c/Users/jandu/repos/clean/realtime-image-processing/testbench/tests/test_axi_sobel_filter.py,341,0.8284265995025635,83020.0,100214.06851234635,pass
/mnt/c/Users/jandu/repos/clean/realtime-image-processing/testbench/sim_build/test_axi_sobel_filter/axi_sobel_filter_axi_sobelfilter/build/results.xml,axi_sobel_filter,axi_sobelfilter,tests.test_axi_sobel_filter,Sobel + Filter Wrapper,test_axi_sobel_filter_stress_heavy_randomized,tests.test_axi_sobel_filter,/mnt/c/Users/jandu/repos/clean/realtime-image-processing/testbench/tests/test_axi_sobel_filter.py,359,14.489258050918579,1411670.0,97428.72927233869,pass
/mnt/c/Users/jandu/repos/clean/realtime-image-processing/testbench/sim_build/test_axi_windowed_filter_wrapper/axi_windowed_filter_wrapper_axi_windowedfilterwrapper/build/results.xml,axi_windowed_filter_wrapper,windowedfilterwrapper,tests.test_axi_windowed_filter_wrapper,Sobel + Filter Wrapper,test_axi_windowed_filter_wrapper_backpressure_handshake_only,tests.test_axi_windowed_filter_wrapper,/mnt/c/Users/jandu/repos/clean/realtime-image-processing/testbench/tests/test_axi_windowed_filter_wrapper.py,297,50.30841684341431,3001190.0,59655.822788883386,pass
/mnt/c/Users/jandu/repos/clean/realtime-image-processing/testbench/sim_build/test_axi_windowed_filter_wrapper/axi_windowed_filter_wrapper_axi_windowedfilterwrapper/build/results.xml,axi_windowed_filter_wrapper,windowedfilterwrapper,tests.test_axi_windowed_filter_wrapper,Sobel + Filter Wrapper,test_axi_windowed_filter_wrapper_lenna_end_to_end,tests.test_axi_windowed_filter_wrapper,/mnt/c/Users/jandu/repos/clean/realtime-image-processing/testbench/tests/test_axi_windowed_filter_wrapper.py,287,45.88120985031128,2626640.0000000005,57248.70831805627,pass
/mnt/c/Users/jandu/repos/clean/realtime-image-processing/testbench/sim_build/test_axi_windowed_filter_wrapper/axi_windowed_filter_wrapper_axi_windowedfilterwrapper/build/results.xml,axi_windowed_filter_wrapper,windowedfilterwrapper,tests.test_axi_windowed_filter_wrapper,Sobel + Filter Wrapper,test_axi_windowed_filter_wrapper_simple_image,tests.test_axi_windowed_filter_wrapper,/mnt/c/Users/jandu/repos/clean/realtime-image-processing/testbench/tests/test_axi_windowed_filter_wrapper.py,280,42.59529376029968,2626630.0,61664.79364553912,pass
/mnt/c/Users/jandu/repos/clean/realtime-image-processing/testbench/sim_build/test_passthrough/example_passthrough_example_passthrough/build/results.xml,example_passthrough,example_passthrough,tests.test_passthrough,Example Passthrough,test_passthrough_image_file_roundtrip,tests.test_passthrough,/mnt/c/Users/jandu/repos/clean/realtime-image-processing/testbench/tests/test_passthrough.py,482,13.584543943405151,2621490.0,192975.92991869609,pass
/mnt/c/Users/jandu/repos/clean/realtime-image-processing/testbench/sim_build/test_passthrough/example_passthrough_example_passthrough/build/results.xml,example_passthrough,example_passthrough,tests.test_passthrough,Example Passthrough,test_passthrough_stress_matrix,tests.test_passthrough,/mnt/c/Users/jandu/repos/clean/realtime-image-processing/testbench/tests/test_passthrough.py,493,0.10991334915161133,1810.0,16467.517494197524,pass
/mnt/c/Users/jandu/repos/clean/realtime-image-processing/testbench/sim_build/test_passthrough/example_passthrough_example_passthrough/build/results.xml,example_passthrough,example_passthrough,tests.test_passthrough,Example Passthrough,test_passthrough_with_backpressure_three_cycle_breaks,tests.test_passthrough,/mnt/c/Users/jandu/repos/clean/realtime-image-processing/testbench/tests/test_passthrough.py,469,0.014846324920654297,290.0,19533.453669503775,pass
/mnt/c/Users/jandu/repos/clean/realtime-image-processing/testbench/sim_build/test_click_detection/test_click_detector_clickdetector/build/results.xml,test_click_detector,clickdetector,tests.test_click_detection,Debounce/Click/Button path,test_click_state_machine,tests.test_click_detection,/mnt/c/Users/jandu/repos/clean/realtime-image-processing/testbench/tests/test_click_detection.py,12,0.0009558200836181641,380.0,397564.36018957343,pass
/mnt/c/Users/jandu/repos/clean/realtime-image-processing/testbench/sim_build/test_debounced_click_detector/test_debounced_click_detector_debouncedclickdetector/build/results.xml,test_debounced_click_detector,debouncedclickdetector,tests.test_debounced_click_detector,Debounce/Click/Button path,test_debounced_click_detection,tests.test_debounced_click_detector,/mnt/c/Users/jandu/repos/clean/realtime-image-processing/testbench/tests/test_debounced_click_detector.py,16,0.0041255950927734375,2780.0,673842.1821544152,pass
/mnt/c/Users/jandu/repos/clean/realtime-image-processing/testbench/sim_build/test_debouncing/test_debouncer_debouncer/build/results.xml,test_debouncer,debouncer,tests.test_debouncing,Debounce/Click/Button path,debouncer_test,tests.test_debouncing,/mnt/c/Users/jandu/repos/clean/realtime-image-processing/testbench/tests/test_debouncing.py,14,0.0011076927185058594,960.0,866666.34524322,pass
/mnt/c/Users/jandu/repos/clean/realtime-image-processing/testbench/sim_build/test_example/test_example_example_passthrough/build/results.xml,test_example,example_passthrough,tests.test_example,Example Passthrough,test_passthrough_image_file_roundtrip,tests.test_example,/mnt/c/Users/jandu/repos/clean/realtime-image-processing/testbench/tests/test_example.py,92,10.349398612976074,2621510.0,253300.70838252874,pass
/mnt/c/Users/jandu/repos/clean/realtime-image-processing/testbench/sim_build/test_example/test_example_example_passthrough/build/results.xml,test_example,example_passthrough,tests.test_example,Example Passthrough,test_passthrough_single_frame,tests.test_example,/mnt/c/Users/jandu/repos/clean/realtime-image-processing/testbench/tests/test_example.py,87,0.0036246776580810547,700.0,193120.6209300796,pass
/mnt/c/Users/jandu/repos/clean/realtime-image-processing/testbench/sim_build/test_window_generator/window_generator_window_generator/build/results.xml,window_generator,window_generator,tests.test_window_generator,Window Generator,test_axi_rgb_to_window_multi_frame_without_pressure,tests.test_window_generator,/mnt/c/Users/jandu/repos/clean/realtime-image-processing/testbench/tests/test_window_generator.py,829,0.012300729751586914,2299.9999999999995,186980.7764619231,pass
/mnt/c/Users/jandu/repos/clean/realtime-image-processing/testbench/sim_build/test_window_generator/window_generator_window_generator/build/results.xml,window_generator,window_generator,tests.test_window_generator,Window Generator,test_axi_rgb_to_window_stress_matrix,tests.test_window_generator,/mnt/c/Users/jandu/repos/clean/realtime-image-processing/testbench/tests/test_window_generator.py,844,0.06822609901428223,4809.999999999999,70500.87971456627,pass
/mnt/c/Users/jandu/repos/clean/realtime-image-processing/testbench/sim_build/test_window_generator/window_generator_window_generator/build/results.xml,window_generator,window_generator,tests.test_window_generator,Window Generator,test_axi_rgb_to_window_with_pressure,tests.test_window_generator,/mnt/c/Users/jandu/repos/clean/realtime-image-processing/testbench/tests/test_window_generator.py,816,0.009404182434082031,1279.9999999999998,136109.6521650948,pass
/mnt/c/Users/jandu/repos/clean/realtime-image-processing/testbench/sim_build/test_window_generator/window_generator_window_generator/build/results.xml,window_generator,window_generator,tests.test_window_generator,Window Generator,test_axi_rgb_to_window_without_pressure,tests.test_window_generator,/mnt/c/Users/jandu/repos/clean/realtime-image-processing/testbench/tests/test_window_generator.py,803,0.016379356384277344,1160.0,70820.85356622998,pass
